{"compas": "0.16.8", "datatype": "compas.datastructures/Network", "data": {"attributes": {"name": "Network"}, "node_attributes": {"x": 0.0, "y": 0.0, "z": 0.0, "cluster": null, "base": false}, "edge_attributes": {}, "node": {"0": {"x": 6.713770597873717, "y": 1.1047295414801073, "z": 1.3329783660453511, "cluster": 0}, "1": {"x": 5.666285609453968, "y": 1.48367035000371, "z": 1.0322811666807334, "cluster": 0}, "2": {"x": 5.3379567557292535, "y": 0.7201807235998525, "z": 0.9611193823030496, "cluster": 0}, "3": {"x": 5.712399570961651, "y": 0.36776268545031077, "z": 0.12452579832733734, "cluster": 0}, "4": {"x": 5.713863904920695, "y": 1.9866684744388807, "z": 0.9526815803220647, "cluster": 0}, "5": {"x": 4.73199863613077, "y": 0.6542654021634675, "z": 0.5957430328165152, "cluster": 0}, "6": {"x": 5.0962338002934215, "y": 0.0760819023852971, "z": 0.8918423737744433, "cluster": 0}, "7": {"x": 6.223917103088164, "y": 1.5028815875450703, "z": 1.4651353518110897, "cluster": 0}, "8": {"x": 5.744721095178025, "y": 1.6682984569273955, "z": 0.5704222257343338, "cluster": 0}, "9": {"x": 6.203778971069237, "y": 0.6282512930387796, "z": 0.16255588892807094, "cluster": 0}, "10": {"x": 5.714492604469889, "y": 1.019279041703287, "z": 0.808928516674299, "cluster": 0, "base": true}, "11": {"x": 9.977356573417014, "y": 0.42591064102248444, "z": 2.3457308362277467, "cluster": 7}, "12": {"x": 8.826581886897651, "y": 1.5097410799467141, "z": 0.894961559567753, "cluster": 7}, "13": {"x": 8.511670997740996, "y": 0.4861556206336587, "z": 1.5424496346945258, "cluster": 7}, "14": {"x": 8.440869051962268, "y": 1.396867259019542, "z": 1.12724515247212, "cluster": 7}, "15": {"x": 8.60617373332039, "y": 0.40427342518453147, "z": 2.44605859870681, "cluster": 7}, "16": {"x": 9.85103347122409, "y": 0.9060312262063835, "z": 2.981979259519806, "cluster": 7}, "17": {"x": 8.795421448819084, "y": 1.8905134007541158, "z": 1.9927122311581318, "cluster": 7}, "18": {"x": 9.001301023340213, "y": 1.0027846646810614, "z": 1.904448181763842, "cluster": 7, "base": true}, "19": {"x": 6.363069269430335, "y": 2.6302172268472264, "z": 0.9078746104011333, "cluster": 2}, "20": {"x": 6.696870183154004, "y": 3.2368369074152565, "z": 0.16386106705502068, "cluster": 2}, "21": {"x": 7.587233503023082, "y": 3.1602886643316044, "z": 0.7160378390219365, "cluster": 2}, "22": {"x": 5.738154519923578, "y": 2.3844167372478435, "z": 0.7971971579787994, "cluster": 2}, "23": {"x": 7.054186630621924, "y": 3.5387951323493425, "z": 2.8865387281765487, "cluster": 2}, "24": {"x": 6.390469345695933, "y": 1.7230690621578342, "z": 2.030084936942087, "cluster": 2}, "25": {"x": 6.069401923860046, "y": 3.0113140608641413, "z": 2.3252923694247496, "cluster": 2}, "26": {"x": 7.237001861254932, "y": 1.69683824980791, "z": 1.2433534411083746, "cluster": 2}, "27": {"x": 6.622379270880567, "y": 4.220742919821314, "z": 1.3669109991876716, "cluster": 2}, "28": {"x": 5.877338554258198, "y": 3.380907120857743, "z": 1.3449032179803764, "cluster": 2}, "29": {"x": 5.948937377157222, "y": 2.529558792046686, "z": 0.9935672837939082, "cluster": 2}, "30": {"x": 7.546918049004237, "y": 2.7711771719461167, "z": 0.8431990867331136, "cluster": 2}, "31": {"x": 6.594330040688671, "y": 2.8570135038077513, "z": 1.3015683948169765, "cluster": 2, "base": true}, "32": {"x": 1.1298449791333798, "y": 4.601276942363675, "z": 1.055937504398745, "cluster": 5}, "33": {"x": 2.2751508470906403, "y": 3.9488422448856246, "z": 0.1194168482725666, "cluster": 5}, "34": {"x": 2.8654051696594554, "y": 4.087335262493663, "z": 1.2746124479085075, "cluster": 5}, "35": {"x": 2.6282402986256246, "y": 4.7646154885654095, "z": 0.09792181782314135, "cluster": 5}, "36": {"x": 3.2075376698627487, "y": 4.310395157697313, "z": 0.8483563037022114, "cluster": 5}, "37": {"x": 3.060735062809284, "y": 3.583446842486015, "z": 1.7789195001350282, "cluster": 5}, "38": {"x": 2.1270157981631774, "y": 4.469297371975421, "z": 1.1764588041116004, "cluster": 5}, "39": {"x": 2.076549003422935, "y": 4.3114454007020875, "z": 1.7306542175632225, "cluster": 5}, "40": {"x": 2.421309853595906, "y": 4.2595818388961515, "z": 1.010284680489378, "cluster": 5, "base": true}, "41": {"x": 2.200089981970094, "y": 1.1248055711148597, "z": 1.0276431645076156, "cluster": 6}, "42": {"x": 3.2547608925420013, "y": 2.6885467113871546, "z": 0.39033457365384583, "cluster": 6}, "43": {"x": 2.0326703400661983, "y": 2.496487300386822, "z": 1.1046302807641157, "cluster": 6}, "44": {"x": 2.4052973200532635, "y": 2.7275317264930936, "z": 2.714084203816786, "cluster": 6}, "45": {"x": 2.0823275320888692, "y": 2.183910733040944, "z": 1.7845448740064191, "cluster": 6}, "46": {"x": 3.1989434693238463, "y": 2.4989678541652176, "z": 1.1260643092033784, "cluster": 6}, "47": {"x": 1.9594803673935768, "y": 2.6734083162869693, "z": 2.3397516559332665, "cluster": 6}, "48": {"x": 2.90859975997122, "y": 2.2186936604875744, "z": 1.1948146041925762, "cluster": 6}, "49": {"x": 2.8063936786253607, "y": 2.4957943630376906, "z": 1.8639666517101043, "cluster": 6}, "50": {"x": 2.1631581717864803, "y": 2.3678355179309496, "z": 2.704246477088226, "cluster": 6}, "51": {"x": 1.841557986506216, "y": 2.2988834216377674, "z": 0.5247940712600795, "cluster": 6}, "52": {"x": 2.9269309932522836, "y": 0.9913861967609611, "z": 1.4286489025863465, "cluster": 6}, "53": {"x": 2.481684207798285, "y": 2.2305209477275, "z": 1.5169603140602297, "cluster": 6, "base": true}, "54": {"x": 5.368246663754662, "y": 4.759925236525512, "z": 0.8192431547845259, "cluster": 8}, "55": {"x": 3.780842364317807, "y": 3.2609650990234322, "z": 1.2755735773783337, "cluster": 8}, "56": {"x": 4.528922030521535, "y": 3.7280872363096664, "z": 0.3229606317567141, "cluster": 8}, "57": {"x": 4.8729043754052945, "y": 4.778025515898195, "z": 1.6166272964997073, "cluster": 8}, "58": {"x": 4.243391548460423, "y": 3.168347557412661, "z": 2.213875467661339, "cluster": 8}, "59": {"x": 5.489531065006564, "y": 4.4879970431322675, "z": 1.3119791394160454, "cluster": 8}, "60": {"x": 4.740095205424768, "y": 4.985968070472361, "z": 2.303699949341268, "cluster": 8}, "61": {"x": 4.653792335943487, "y": 2.788912044621563, "z": 0.3962627572895887, "cluster": 8}, "62": {"x": 5.058115997663307, "y": 3.6431830214537433, "z": 1.0504622107634747, "cluster": 8}, "63": {"x": 4.432807341939416, "y": 4.266859952568654, "z": 0.6412044125340698, "cluster": 8}, "64": {"x": 4.689531568912836, "y": 3.1075147284745572, "z": 0.2884691515913337, "cluster": 8}, "65": {"x": 4.329026410715287, "y": 2.831796955510089, "z": 1.1180584276334846, "cluster": 8}, "66": {"x": 5.067320747499383, "y": 4.1852740860052435, "z": 0.2172767871903346, "cluster": 8}, "67": {"x": 4.8495226408427765, "y": 4.030549078991789, "z": 0.6873781664286823, "cluster": 8}, "68": {"x": 4.721717878314824, "y": 3.8588146875999807, "z": 1.0187907950192074, "cluster": 8, "base": true}, "69": {"x": 0.08964279526308405, "y": 0.6971000078637429, "z": 2.8248553750489807, "cluster": 3}, "70": {"x": 0.6441324043209051, "y": 0.6732090908545385, "z": 0.9119055995288398, "cluster": 3}, "71": {"x": 1.8123167918908156, "y": 1.056019149459133, "z": 2.6045585364789074, "cluster": 3}, "72": {"x": 1.4594436329710159, "y": 1.5056673720249987, "z": 1.8011281337450447, "cluster": 3}, "73": {"x": 0.7629775125694149, "y": 0.655237083477504, "z": 2.4718112509773773, "cluster": 3}, "74": {"x": 1.5760884867730385, "y": 0.3687298125592786, "z": 0.49529326447070277, "cluster": 3}, "75": {"x": 1.330819532948152, "y": 1.2195034084749596, "z": 2.1005475739857955, "cluster": 3}, "76": {"x": 0.9024652055072679, "y": 0.7496933400320338, "z": 2.6222999276883265, "cluster": 3}, "77": {"x": 1.3399796499904637, "y": 0.3610173457695154, "z": 2.751242343600058, "cluster": 3}, "78": {"x": 0.3949084467443531, "y": 1.7951392166883133, "z": 2.747905496181912, "cluster": 3}, "79": {"x": 1.0312774458978509, "y": 0.9081315827204017, "z": 2.1331547501705943, "cluster": 3, "base": true},