{"compas": "0.16.9", "datatype": "compas.datastructures/Network", "data": {"attributes": {"name": "Network"}, "node_attributes": {"x": 0.0, "y": 0.0, "z": 0.0, "cluster": null, "base": false}, "edge_attributes": {}, "node": {"0": {"x": 1.6361790595636527, "y": 2.2152119807217963, "z": 1.5394783890430372, "cluster": 2}, "1": {"x": 0.4277905837985163, "y": 3.8250388325183042, "z": 2.4670112097210732, "cluster": 2}, "2": {"x": 1.5916987464973464, "y": 4.591001566877938, "z": 2.7113778790971828, "cluster": 2}, "3": {"x": 0.5280448372550728, "y": 3.498555600703726, "z": 0.7414165077159305, "cluster": 2}, "4": {"x": 2.2692395115985198, "y": 2.872216548561317, "z": 0.9178198259281537, "cluster": 2}, "5": {"x": 0.6724179232965666, "y": 3.1295770183027427, "z": 1.142243263143297, "cluster": 2}, "6": {"x": 2.033625837651678, "y": 3.8102909877939743, "z": 2.9278608099721746, "cluster": 2}, "7": {"x": 1.4800006097162866, "y": 4.323332600548827, "z": 0.46337868142614036, "cluster": 2}, "8": {"x": 2.0020894259738222, "y": 2.3514803592001714, "z": 1.1728299542566598, "cluster": 2}, "9": {"x": 1.6421479193684108, "y": 2.966980638775982, "z": 0.39257296577090106, "cluster": 2}, "10": {"x": 1.1769121454071974, "y": 2.730896481233527, "z": 2.6795379198502616, "cluster": 2}, "11": {"x": 0.40278284701872447, "y": 3.954880711948907, "z": 1.9853530250962843, "cluster": 2}, "12": {"x": 1.6676531749461143, "y": 3.1505223919308314, "z": 2.5095562078959195, "cluster": 2}, "13": {"x": 1.3485063555455314, "y": 3.339998901470619, "z": 1.6654182029936164, "cluster": 2, "base": true}, "14": {"x": 6.462475980961871, "y": 3.6247407198899504, "z": 1.5300160508415082, "cluster": 7}, "15": {"x": 5.765513859702438, "y": 3.467750597028378, "z": 0.3588143581285209, "cluster": 7}, "16": {"x": 5.853697865604794, "y": 3.5528126382605167, "z": 0.9909480575654452, "cluster": 7}, "17": {"x": 6.060916691638138, "y": 4.666518596147392, "z": 0.29982328427160243, "cluster": 7}, "18": {"x": 7.0711779102047565, "y": 4.934539980675784, "z": 0.6714385310690314, "cluster": 7}, "19": {"x": 5.660072510611536, "y": 4.312431757377274, "z": 1.8627534191255843, "cluster": 7}, "20": {"x": 6.145642469787256, "y": 4.0931323815632155, "z": 0.9522989501669489, "cluster": 7, "base": true}, "21": {"x": 8.438541443991367, "y": 4.612078199294679, "z": 0.8289242826636934, "cluster": 4}, "22": {"x": 9.400098520242311, "y": 4.407110699450399, "z": 2.1979116945023947, "cluster": 4}, "23": {"x": 9.356981635216657, "y": 4.679601312335529, "z": 1.7991264591871867, "cluster": 4}, "24": {"x": 9.857787074563511, "y": 4.876799324228412, "z": 0.6888853057767862, "cluster": 4}, "25": {"x": 9.398024152865148, "y": 4.759004504067349, "z": 1.4058581444086962, "cluster": 4}, "26": {"x": 8.056780866809056, "y": 4.272290225946766, "z": 1.7521283322744428, "cluster": 4}, "27": {"x": 7.841351038710496, "y": 4.228410810801747, "z": 1.6403325062662066, "cluster": 4}, "28": {"x": 8.6015150116938, "y": 4.368956237499482, "z": 0.5262145839843638, "cluster": 4}, "29": {"x": 9.166984794867782, "y": 4.801397493805496, "z": 0.3700967861501656, "cluster": 4}, "30": {"x": 8.90200717099557, "y": 4.55618320082554, "z": 1.245497566134882, "cluster": 4, "base": true}, "31": {"x": 3.2330373131156156, "y": 2.027319523306887, "z": 0.3217769598267546, "cluster": 3}, "32": {"x": 3.8151204082743972, "y": 0.49410883602891975, "z": 2.2346366966034332, "cluster": 3}, "33": {"x": 2.8824934711566588, "y": 0.4669357908616917, "z": 0.027148898325898396, "cluster": 3}, "34": {"x": 3.4117425748956345, "y": 1.3878642947225794, "z": 0.9815700226698753, "cluster": 3}, "35": {"x": 4.056237767565557, "y": 0.4064462256220813, "z": 1.9813432921742242, "cluster": 3}, "36": {"x": 1.9755372070605948, "y": 0.5834793584356329, "z": 0.44584914072241977, "cluster": 3}, "37": {"x": 3.0937455402843614, "y": 0.2795987294044827, "z": 0.20244377436968142, "cluster": 3}, "38": {"x": 3.2097020403361176, "y": 0.8065361083403249, "z": 0.8849669692417551, "cluster": 3, "base": true}, "39": {"x": 8.07847720223733, "y": 2.5123563431348024, "z": 2.753348407352492, "cluster": 5}, "40": {"x": 8.25180990494821, "y": 2.0195418531087235, "z": 1.5967402619521285, "cluster": 5}, "41": {"x": 7.13004790012909, "y": 2.507924317964391, "z": 1.640892311427975, "cluster": 5}, "42": {"x": 8.46929803792902, "y": 2.0098971532022025, "z": 1.4699351602861914, "cluster": 5}, "43": {"x": 8.635448012581039, "y": 2.4960204795126186, "z": 1.1318694735390173, "cluster": 5}, "44": {"x": 8.32497684479393, "y": 3.5227645290605594, "z": 1.995288156112127, "cluster": 5}, "45": {"x": 7.082636429452216, "y": 3.58834971693407, "z": 2.901442529345495, "cluster": 5}, "46": {"x": 8.63333782482853, "y": 2.0695327103122025, "z": 2.580600903313239, "cluster": 5}, "47": {"x": 6.962483502676889, "y": 2.4614649141652167, "z": 2.9411929133489765, "cluster": 5}, "48": {"x": 8.437420856814708, "y": 2.521158057103619, "z": 0.8234113868343783, "cluster": 5}, "49": {"x": 9.850857208847044, "y": 2.638485735922722, "z": 2.0059600795888537, "cluster": 5}, "50": {"x": 9.101256036782432, "y": 3.1592957041296605, "z": 1.461243281647718, "cluster": 5}, "51": {"x": 7.950594366791364, "y": 2.1890018978452175, "z": 1.287243762726648, "cluster": 5}, "52": {"x": 8.427687693342852, "y": 2.3305025061110713, "z": 2.432081176707103, "cluster": 5}, "53": {"x": 9.620642946725173, "y": 2.689279732491012, "z": 2.2436153334461806, "cluster": 5}, "54": {"x": 6.58815905406232, "y": 1.5119510760071708, "z": 2.852076199170012, "cluster": 5}, "55": {"x": 9.220951543451529, "y": 3.3567098102259836, "z": 2.115979365379583, "cluster": 5}, "56": {"x": 8.28035796272904, "y": 2.5637786198371324, "z": 2.013701217775183, "cluster": 5, "base": true}, "57": {"x": 0.29735109806989346, "y": 1.163192406798017, "z": 2.1557561355177075, "cluster": 8}, "58": {"x": 0.037106764712502294, "y": 2.1804495078458066, "z": 1.2825123626313792, "cluster": 8}, "59": {"x": 0.387541442340803, "y": 0.2909317021553798, "z": 1.952609794190077, "cluster": 8}, "60": {"x": 0.13060476306378743, "y": 1.6054666704269693, "z": 1.528261160450182, "cluster": 8}, "61": {"x": 1.5296998999206635, "y": 0.7294229311305156, "z": 1.8787785269567006, "cluster": 8}, "62": {"x": 0.2087346971624493, "y": 2.4182455485258885, "z": 0.6969332264000452, "cluster": 8}, "63": {"x": 0.5143226381978949, "y": 1.7542025323581456, "z": 0.5323383682357945, "cluster": 8}, "64": {"x": 1.679705102279625, "y": 0.36958766287997824, "z": 1.4156035579565232, "cluster": 8}, "65": {"x": 0.5981333007184524, "y": 1.3139373702650874, "z": 1.430349141542301, "cluster": 8, "base": true}, "66": {"x": 7.872812253101447, "y": 1.8248833131499715, "z": 0.7224804897194835, "cluster": 0}, "67": {"x": 7.654156611778118, "y": 0.7183201678986589, "z": 0.41933179451706026, "cluster": 0}, "68": {"x": 6.670542893637574, "y": 2.179974989323774, "z": 0.5697980711638914, "cluster": 0}, "69": {"x": 7.803781143165108, "y": 1.1684821095292826, "z": 0.04465885975151851, "cluster": 0}, "70": {"x": 7.062527744657848, "y": 2.2705391901874457, "z": 0.2634891279269088, "cluster": 0}, "71": {"x": 7.862444390891056, "y": 1.7857665565902747, "z": 0.26803098623585764, "cluster": 0}, "72": {"x": 8.303481393792916, "y": 1.6916055510132355, "z": 0.48101963565114036, "cluster": 0}, "73": {"x": 8.751174584710707, "y": 0.6319329192524331, "z": 0.3362928837531062, "cluster": 0}, "74": {"x": 7.382805853691296, "y": 1.212603193217821, "z": 0.38522132238626916, "cluster": 0}, "75": {"x": 6.9618626114737285, "y": 0.32904037677746134, "z": 0.13851363750217527, "cluster": 0}, "76": {"x": 6.452468006257144, "y": 1.4861216813993006, "z": 1.5388810731034162, "cluster": 0}, "77": {"x": 6.701222874969432, "y": 1.0107877500235962, "z": 1.541503512083309, "cluster": 0}, "78": {"x": 7.456606696843864, "y": 1.3591714831969381, "z": 0.5591017828161781, "cluster": 0, "base": true}, "79": {"x": 3.0663472874854456, "y": 4.479168496243233, "z": 1.81087793828842, "cluster": 1},